date-time,author,message
2021-02-14 18:07:52,whistleblower gay biological man being feminine,H A L O sorry but god idea is scam
2021-02-14 18:07:59,i am F stop,badmansâœï¸
2021-02-14 18:08:03,m.iqbal fitrian,yeah situation again
2021-02-14 18:08:13,whistleblower gay biological man being feminine,H A L O god idea is what created badness itself
2021-02-14 18:08:19,H A L O,"It would be in your best interest to be holy. Not everyone will accept this, therefore they don't live according to what is best for them."
2021-02-14 18:08:23,m.iqbal fitrian,why???;)
2021-02-14 18:08:40,Jason Joy,Im a hella of a pooper I tell ya 
2021-02-14 18:08:48,i am F stop,masson na
2021-02-14 18:09:04,duncan yourmate,"agnostic each way bet , good for me"
2021-02-14 18:09:05,m.iqbal fitrian,all smart but thisğŸ‡ºğŸ‡¸ğŸ’ª
2021-02-14 18:09:24,i am F stop,ğŸ«
2021-02-14 18:09:29,Jason Joy,I cleaned it up beforema woke up and made her morning coffee
2021-02-14 18:09:39,m.iqbal fitrian,ğŸ¤£ğŸ¤£ğŸ¤£ğŸ¤£ğŸ‘
2021-02-14 18:09:41,whistleblower gay biological man being feminine,"H A L O best for themselfs ? that sound like a excuse to bring badness , you need to utilise the word peaceful if you want to talk because i dont trust the word best for themselfs , best can be bad"
2021-02-14 18:09:57,Filmi Raaj,hi
2021-02-14 18:10:06,i am F stop,no mask symbol:buffering:ğŸ‡·ğŸ‡º
2021-02-14 18:10:16,H A L O,"Creation is complex, intricate, precise, calculated, has order and processes designed to function in a specific way. It's absurd to realise this and not believe in God's existence."
2021-02-14 18:10:17,m.iqbal fitrian,hi raajğŸ––ğŸ˜
2021-02-14 18:10:44,whistleblower gay biological man being feminine,protest alot but peacefully
2021-02-14 18:10:57,H A L O,It's best for everyone to be holy.
2021-02-14 18:10:59,Filmi Raaj,Today is black day Indian CRPF soldiers we lost our 40 soldiers ğŸ™ğŸ™ğŸ‡®ğŸ‡³
2021-02-14 18:11:02,emad zak,"NICE TRY VALENTINE , AM COOKING A VERY NICE HALAL BEEF CURRY PIE @SIGMNET , I WILL B THINKING OF U"
2021-02-14 18:11:09,m.iqbal fitrian,farmers protestğŸ‡²ğŸ‡¨ğŸ’ªğŸ˜ğŸ‡©ğŸ‡ªğŸ’¨
2021-02-14 18:11:12,H A L O,Or at least try your best to be holy
2021-02-14 18:11:18,Leyla Elizade,I FROM AZERBAIJAN . KHARABAGH is AZERBAIJAN
2021-02-14 18:11:20,whistleblower gay biological man being feminine,"H A L O you are wrong , i can exist without badness "
2021-02-14 18:11:31,whistleblower gay biological man being feminine,military stop bullyng people
2021-02-14 18:11:35,Filmi Raaj,iqbal farmers are gone home
2021-02-14 18:11:37,i am F stop,massons nağŸ«
2021-02-14 18:11:42,emad zak,OR THE SMELL OF THAT BEEF IS MELTING MY HEART @Sigment 
2021-02-14 18:11:45,Leyla Elizade,ğŸ‡¹ğŸ‡·ğŸ‡µğŸ‡°ğŸ‡¦ğŸ‡¿ğŸ’ª
2021-02-14 18:11:58,whistleblower gay biological man being feminine,"military is kidnaping people , military terorist organisation"
2021-02-14 18:12:01,m.iqbal fitrian,raajğŸ˜ğŸ‡²ğŸ‡¨not need im netralğŸ––
2021-02-14 18:12:29,Aidil Mohammad Din,:stayhome:
2021-02-14 18:12:36,Sigment,emad zak. i don't know about your heart condistion
2021-02-14 18:12:36,meriqa,how goes the money market 
2021-02-14 18:12:40,Sigment,dondition
2021-02-14 18:12:42,BuTtoN eYeS,watch outğŸ‘€..!!...mutants feel emboldened again todayğŸ‘€..!!
2021-02-14 18:12:47,Filmi Raaj,iqbal have you today news farmers gone home
2021-02-14 18:12:53,Ack Jass,@whistleblower gay biological man being feminine . rubbish . you don't know anything about how social and material factors push individual persons to do what they do or become 
2021-02-14 18:12:56,H A L O,God and the angels know what you hide and what you know and what you imagine and what your intentions are. Your deeds will be revealed to you in time. It's going to be a long day on that day.
2021-02-14 18:13:29,emad zak,LOL OH BEEF IS SO GOOD TO THE HEART VERY MELTING CHEWY BEEF UR MISSING OUT @Sigment 
2021-02-14 18:13:30,whistleblower gay biological man being feminine,"Ack Jass and then explain instead of telling me i dont know , explain"
2021-02-14 18:13:30,Zebra Time,ğŸ¦“
2021-02-14 18:13:32,Gabriel Faure,where are you in India?...@filmi raaj
2021-02-14 18:13:37,m.iqbal fitrian,but raaj yeah im water QanonğŸ˜ğŸ’¨ğŸ‡²ğŸ‡¨
2021-02-14 18:13:57,Filmi Raaj,lake city
2021-02-14 18:14:02,Jason Joy,praise jesus he forgives me right 
2021-02-14 18:14:02,whistleblower gay biological man being feminine,Ack Jass let yourself vulnerable and explain
2021-02-14 18:14:10,whistleblower gay biological man being feminine,me i am always vulnerable
2021-02-14 18:14:19,Bengali Tuber,I am from Bangladesh
2021-02-14 18:14:25,Gabriel Faure,Indian name?...
2021-02-14 18:14:26,Sigment,why you telling me this. you didn't bring any verse that mentions of return of jesus. u are angry with me.
2021-02-14 18:14:30,Jason Joy,AMEN right brothers and sisters 
2021-02-14 18:14:31,Bob Jones,hi
2021-02-14 18:14:31,Fighter G-X,Free Myanmar(Burma) Free Aung San Suu Kyi help me Myanmar
2021-02-14 18:14:31,Fighter G-X,Free Myanmar(Burma) Free Aung San Suu Kyi help me Myanmar
2021-02-14 18:14:36,Filmi Raaj,iqbal stop jockingğŸ˜
2021-02-14 18:14:36,m.iqbal fitrian,impossible mission teacher 1 last3 mission everyday
2021-02-14 18:14:40,i am F stop,âœï¸
2021-02-14 18:14:48,emad zak,I WILL BRING U UR FAVORITE BE3EF 
2021-02-14 18:14:51,emad zak,BEEF
2021-02-14 18:15:03,Fighter G-X,Free Myanmar(Burma) Free Aung San Suu Kyi help me Myanmar
2021-02-14 18:15:05,Jason Joy,can I get an amen forbeing a big POOOPER 
2021-02-14 18:15:05,i am F stop,yesâœï¸pases
2021-02-14 18:15:11,Zebra Time,in Serbia everyone needs a shave
2021-02-14 18:15:11,Filmi Raaj,bro my name is Vikram Singh Rajput
2021-02-14 18:15:17,emad zak,OR U WANT SOME VEDAS'S SCANDALS SIGMENT
2021-02-14 18:15:30,Sovereignmind 1969,THUNDERSTRUCK
2021-02-14 18:15:30,Sigment,Filmi Raaj. Sigmentwhy you telling me this. you didn't bring any verse that mentions of return of jesus. u are angry with me.
2021-02-14 18:15:35,Fighter G-X,Free Myanmar(Burma) Free Aung San Suu Kyi Help me Myanmar
2021-02-14 18:15:42,H A L O,"There's just too many emotionally damaged people who take out their fustrations on others and don't treat themselves in a healthy way, it becomes a downward spiral."
2021-02-14 18:15:48,BuTtoN eYeS,@emad zak ğŸ‘€..!!....juss shaddupğŸ‘€..!!
2021-02-14 18:15:57,Sigment,emad zak. No
2021-02-14 18:15:58,Filmi Raaj,sigment i am hindu
2021-02-14 18:16:11,emad zak,U DONT BELIEVE BEEF IS GOOD FOR U IS THAT NOT IN UR BELIEV!!
2021-02-14 18:16:16,Filmi Raaj,not a Christian
2021-02-14 18:16:18,m.iqbal fitrian,i know
2021-02-14 18:16:32,Mayhem posser,wow princess zonkey
2021-02-14 18:16:35,Fighter G-X,Free Myanmar(Burma) Free Aung San Suu Kyi Help me Myanmar Save Myanmar
2021-02-14 18:16:37,whistleblower gay biological man being feminine,beef ? stop telling me to be bad
2021-02-14 18:16:47,Claudio Pinilla Osorio,"hola, soy de Chile y busco alguna versiÃ³n en espaÃ±ol de Aljazeera, existe?"
2021-02-14 18:16:48,BuTtoN eYeS,@emad zak ğŸ‘€..!!...go eat your carcass and shaddupğŸ‘€..!!
2021-02-14 18:16:52,emad zak,@BuTtoN eYeS EAT MY SOCKS WHEN THEY READY AM STILL WEARING THEM
2021-02-14 18:16:58,H A L O,It's difficult for those people to climb out of their pit of despair.
2021-02-14 18:17:01,Sigment,beef adds up fats and u may have heart attack
2021-02-14 18:17:01,emad zak,@BuTtoN eYeS EAT MY SOCKS WHEN THEY READY AM STILL WEARING THEM
2021-02-14 18:17:30,m.iqbal fitrian,i think emanuel mercon that bad
2021-02-14 18:17:33,H A L O,"So use your words carefully, you don't know how it will affect someone else."
2021-02-14 18:17:40,m.iqbal fitrian,netral dog
2021-02-14 18:17:44,Ack Jass,"i am in too much pain and tired due to what bad things people have done to me in this life, to explain or expand on what i comment or declare "
2021-02-14 18:17:47,emad zak,@Sigment BEEF IS GOOD U DONT KNOW TILL U TRY AND U WILL BELIEVE TOO
2021-02-14 18:17:47,Sovereignmind 1969,"scaredcow, not sacred"
2021-02-14 18:17:55,Sigment,no one eats socks dude
2021-02-14 18:18:07,BuTtoN eYeS,@emad zak ğŸ‘€..!!..your pride of eating carcasses is disgustingğŸ‘€..!!
2021-02-14 18:18:08,emad zak,@BuTtoN eYeS EAT MY SOCKS WHEN THEY READY AM STILL WEARING THEM
2021-02-14 18:18:17,Mayhem posser,trans hockey dem future
2021-02-14 18:18:20,m.iqbal fitrian,i know brain all im water QANON
2021-02-14 18:18:21,emad zak,@BuTtoN eYeS EAT MY SOCKS WHEN THEY READY AM STILL WEARING THEM
2021-02-14 18:18:48,Filmi Raaj,iqbal nadia khan?
2021-02-14 18:18:49,emad zak,BEEF STEAK IS THE BEST U DUNG EATERS
2021-02-14 18:18:58,Sigment,emad zak. why you telling me this. you didn't bring any verse that mentions of return of jesus. u are angry with me.
2021-02-14 18:18:59,BabyGoran,yummmmy
2021-02-14 18:19:04,BuTtoN eYeS,@emad zak ğŸ‘€..!!...you're spammingğŸ‘€..!!
2021-02-14 18:19:13,m.iqbal fitrian,friend madrasati
2021-02-14 18:19:18,Mayhem posser,geek zonkey skyscrappers
2021-02-14 18:19:18,meriqa,dung was terribad jar ftw 
2021-02-14 18:19:19,H A L O,Just let it go.
2021-02-14 18:19:20,Zebra Time,@Mayhem posser check it out: debra
2021-02-14 18:19:23,emad zak,WHENN U EAT BEEF U WILL SEE AND U WILL BELIEVE 
2021-02-14 18:19:25,greg william,Demoncratic ReFaggican Government
2021-02-14 18:19:41,emad zak,@BuTtoN eYeS EAT MY SOCKS WHEN THEY READY AM STILL WEARING THEM
2021-02-14 18:20:04,emad zak,US HUT UP U FOOL WHO ARE U?
2021-02-14 18:20:05,Filmi Raaj,iqbal have you seen nadia khan in this live news channel
2021-02-14 18:20:12,Sigment,i will not eat anyone's socks for sure
2021-02-14 18:20:25,Mohamed Ali,Hi
2021-02-14 18:20:27,emad zak,U WIL EAT BEEF SOON
2021-02-14 18:20:30,emad zak,LOL
2021-02-14 18:20:35,greg william,I want ebola vaccine
2021-02-14 18:20:38,Sigment,how come
2021-02-14 18:20:47,meriqa,that place is really named after guinea pig? like cuisine i hear 
2021-02-14 18:20:47,Sovereignmind 1969,WATERED DOWNED DEPENDS ON Q
2021-02-14 18:20:49,BuTtoN eYeS,yesğŸ‘€..!!...I have a US hutğŸ‘€..!!
2021-02-14 18:20:53,Mohamed Ali,How i s the election vote
2021-02-14 18:20:54,Sigment,you will beat me to make me eat it?
2021-02-14 18:21:04,Alberto Bernal,WE ARE JUSTIFIED BY FAITH NIT BY THE WORKS OF THE LAW.....
2021-02-14 18:21:31,whistleblower gay biological man being feminine,and ebola disapeared after few year
2021-02-14 18:21:47,Habib Wazir,abolla virus.. is another virus which is to dangerous.
2021-02-14 18:21:51,Filmi Raaj,Pakistani Quran pado aantankvadi banoğŸ˜
2021-02-14 18:21:53,Sigment,#Alberto Bernal . Why there will be mention of 2nd coming when there was no 1st coming?
2021-02-14 18:21:57,meriqa,Cap Actually Makes the Statement less Impressionable. 
2021-02-14 18:22:01,Alberto Bernal,IM REALIZING THAT SOME WORKS AND FAITH CAN SAVE YOU...
2021-02-14 18:22:33,Sigment,mention of 2nd coming was mentioned after or during 1st coming.
2021-02-14 18:22:39,Sigment,it makes sense.
2021-02-14 18:22:46,Filmi Raaj,habiba nadia khan?
2021-02-14 18:22:46,emad zak,ANSWER THE DUNG EATER ALBERTO
2021-02-14 18:22:46,greg william,I wonder if ebola can spread by water droplets from sneezing like COVID19
2021-02-14 18:22:48,lennart hallberg,The Dems tried to stop investigating 2020 presidential elections and ensure that they don`t have to face too popular Trump at future elections. Those were the real reasons for their phony legal case.
2021-02-14 18:23:05,Habib Wazir,pata nahi lagtha
2021-02-14 18:23:08,N K nahid,Al Jazeera Brothers Bangladesh's situation is very bad Prime Minister is torturing the people Corruption cases are making people disappear Police are secretly taking people from house to house
2021-02-14 18:23:10,Sigment,emad zak. now you team up with #Alberto Bernal 
2021-02-14 18:23:16,Sigment,how come?
2021-02-14 18:23:20,emad zak,LOL
2021-02-14 18:23:24,Sigment,i am alone.
2021-02-14 18:23:24,Habib Wazir,ma abi aya
2021-02-14 18:23:26,greg william,But if you have ebola Youll be so sick You wont be able to spread it Unless somebody touches your fluids
2021-02-14 18:23:39,emad zak,NO AM GIVING U TO HIM 
2021-02-14 18:23:51,Filmi Raaj,habiba nadia aaj aai hi nahi?
2021-02-14 18:23:55,emad zak,LOL
2021-02-14 18:24:08,Sigment,emad zak. why you telling me this. you didn't bring any verse that mentions of return of jesus. u are angry with me.
2021-02-14 18:24:09,meriqa,second coming signifies a begining. Because biblical cataclysm. So not eternium. 
2021-02-14 18:24:13,Sovereignmind 1969,I have a biggest medivac
2021-02-14 18:24:18,greg william,"Haitian President reminds me of Trump, only wants POWER....aint nothing getting done in Haiti"
2021-02-14 18:24:44,Habib Wazir,AchA ap ossy ko doond rahee hu..
2021-02-14 18:24:51,meriqa,in case human due achieve perfection - arent stuck in limbo 
2021-02-14 18:24:54,Filmi Raaj,sovergient its true Quran pado aantankvadi banoğŸ˜ğŸ™„
2021-02-14 18:25:00,greg william,"the Black population in USA,,,spends more money Each year then entire Haitian government"
2021-02-14 18:25:03,Habib Wazir,:goodvibes::goodvibes::goodvibes:
2021-02-14 18:25:12,Alberto Bernal,@EMAD ZAK ANSWER THIS ??? WHERE IS THE HEART OF THE EARTH????
2021-02-14 18:25:16,Sigment,take your time. emad zak. i m not in hurry
2021-02-14 18:25:28,Filmi Raaj,habib haa aaj use sunana tha
2021-02-14 18:25:34,BuTtoN eYeS,Dontcha knowğŸ‘€..??...if you don't have the answer just type in bold type and sling insultsğŸ‘€..!!
2021-02-14 18:25:46,Habib Wazir,ya uper kya leek raha hu
2021-02-14 18:25:46,greg william,"Haitian government needs Real assistance,, Not small donations from Governments who care 2 craps about them"
2021-02-14 18:25:55,meriqa,so if second coming is a true than singularity must have happened. i think. 
2021-02-14 18:26:01,Sovereignmind 1969,you won't enjoy what comes after : see facebook
2021-02-14 18:26:10,Habib Wazir,kya
2021-02-14 18:26:11,greg william,"Haiti needs to Open up citizenship,, for wealthy Foreigners"
2021-02-14 18:26:28,i am F stop,ğŸ§ŸğŸ§ŸğŸ§ŸğŸ§ŸğŸ§ŸğŸ§ŸğŸ§ŸğŸ§ŸğŸ§ŸğŸ§Ÿ
2021-02-14 18:26:48,Filmi Raaj,habib pulwama attack ke baare me discussion karna tha nadia khan seğŸ˜ğŸ˜‚
2021-02-14 18:27:01,greg william,"but if France is poor,,,what makes you think Haiti would be any different"
2021-02-14 18:27:05,meriqa,as mundayne end of times can sound Ide think. kinda romantic 
2021-02-14 18:27:09,Sigment,#Sovereignmind 1969 . What coming afterwards
2021-02-14 18:27:16,BuTtoN eYeS,you knowğŸ‘€..!!...like Trump's lawyersğŸ‘€..!!..juss yell when you got nothin'..ğŸ‘€..!!
2021-02-14 18:27:24,anil kota,Very good discussion of the 1969 story 
2021-02-14 18:27:27,upetpada12,avit kek@tepikungpendek
2021-02-14 18:27:31,SUMON ISLAM,à¦¬à¦¾à¦‚à¦²à¦¾à¦¦à§‡à¦¶à§‡à¦° à¦•à¦¿ à¦¹à¦²à§‹ ?
2021-02-14 18:27:32,Sigment,emad zak u ran away? or What
2021-02-14 18:27:32,Alberto Bernal,YOU CAN BE SPIRITUALLY ALIVE BUT YOU CAN BE ASLEEP OR AWAKE IN CHRIST JESUS....
2021-02-14 18:27:33,Sovereignmind 1969,FORE NOW IS NOT THY TIME
2021-02-14 18:27:36,Habib Wazir,ya bathay churr du.. Yar.. social hu jao.. kal ka bathay kal thay
2021-02-14 18:27:39,emad zak,ALBERTO U KEEP FAILING WAT IS THAT SUPPOSE TO MEAN JONAS WAS CENTRES BEFORE JESUS U FOOL ARE USICK WHERE DO U LIVE I WILL LOOK SOME PSYCHIATRIST NEAR U AND MAIL THE BILL TOO IF U WANT@Alberto Bernal 
2021-02-14 18:27:46,upetpada12,kapten Jebat derhaka mnta pangkat dato Seri sbb dia ckap bnyk berjasa kpd negara ini. smpai dia prgi kursus di Itali selama 7thun semasa berkhidmat dlm ATM:oops::oops::oops:
2021-02-14 18:28:05,greg william,"look at Islands, St. Croix, St Johns, St Thomas,,,US Territories,,,like Guam, Hawaii Puerto Rico etc...these islands are near Haiti,,,but since they are US territories and Rich wealthy flock there"
2021-02-14 18:28:08,Sovereignmind 1969,EPISTLE OF JUDE IS
2021-02-14 18:28:12,anil kota,What is the purpose 
2021-02-14 18:28:13,Filmi Raaj,hum indian hai kabhi nahi bhulte habib
2021-02-14 18:28:29,greg william,all of these islands look beautiful
2021-02-14 18:28:31,i am F stop,ğŸ§Ÿis badğŸ§Ÿno badğŸ§Ÿis badğŸ§Ÿno bad iam fake text
2021-02-14 18:28:41,Alberto Bernal,@EMAD ZAK WHERE'S THE HEART OF THE EARTH???
2021-02-14 18:28:58,greg william,you can get killed there though. Real Caribbean Pirates down there
2021-02-14 18:28:57,emad zak,DID JONAS DIE?
2021-02-14 18:29:16,Ashiq Muhammad,I am watching in Bangladesh I am watching in Bangladesh
2021-02-14 18:29:22,Habib Wazir,hum Be Nahi bulthy ham Pakistani ha.. our per Pakistan may Pakhtun ha. ap ko patha ha . Pakhtun ka... bas samj jao
2021-02-14 18:29:27,Filmi Raaj,:yougotthis:
2021-02-14 18:29:38,greg william,"Jonah in the whale, near Babylon...THought hed be wasting his time Telling people Gods words"
2021-02-14 18:30:02,Alberto Bernal,MOST PEOPLE ARE ASLEEP IN THE SPIRIT..... AND NOT AWAKE IN CHRIST ....
2021-02-14 18:30:03,Filmi Raaj,habib aap Pakistan se ho
2021-02-14 18:30:14,Habib Wazir,g
2021-02-14 18:30:27,Alberto Bernal,NO JONAS DID NOT DIE....
2021-02-14 18:30:33,Habib Wazir,from the heart of Pakistan lahore
2021-02-14 18:30:49,Horror Slash Comedy Show,Brain= portugal-spain. Soul=korea. Heart=New York. 
2021-02-14 18:30:53,Zebra Time,"Screech died of lung cancer, Erkel's next"
2021-02-14 18:30:55,inas,who is Jonas?
2021-02-14 18:31:12,Filmi Raaj,Habib tumhe lagta hai ki kabhi india aur Pakistan friend ban sakte hai
2021-02-14 18:31:13,Habib Wazir,own location KPK. absolute on western border
2021-02-14 18:31:14,BuTtoN eYeS,"""feel like Jonah in the belly of the whale""..ğŸ‘€..??..remember that songğŸ‘€..??"
2021-02-14 18:31:16,Alberto Bernal,@EMAD ZAK NOW TELL ME WHERE IS THE HEART OF THE WORLD....????
2021-02-14 18:31:17,emad zak,UR WICKED JESUS WAS NOT GOD @ALBERTO
2021-02-14 18:31:17,greg william,remember Peter thrice denied Christ...Peter Tosh...Peter...Peters (friend) came and demanded money but Peter had bruised head from police beatings...No concerts no money..Friend shot Peter in the head
2021-02-14 18:31:20,inas,who is screech
2021-02-14 18:31:39,emad zak,UR WICKED JESUS WAS NOT GOD @ALBERTO
2021-02-14 18:32:06,whistleblower gay biological man being feminine,emad zak what matter if jesus was god or not ? is all scam anyway
2021-02-14 18:32:13,Habib Wazir,ap parhtay hu.. agar parhthy hu tu per bathao wanga
2021-02-14 18:32:14,Alberto Bernal,@EMAD ZAK I KNOW JESUS IS NOT GOD... HE IS JUST A SERVANT OF ALLAH...
2021-02-14 18:32:17,Zebra Time,@inas Saved by the Bell character
2021-02-14 18:32:18,Julian D,religious figures are archetypes 
2021-02-14 18:32:19,Bob Jones,jesus-wejus 2000 years of fraud committed on mankind
2021-02-14 18:32:23,Sigment,emad zak. brb. i will ask question again
2021-02-14 18:32:50,emad zak,BEEF IS GOOD
2021-02-14 18:32:53,Horror Slash Comedy Show,"emad zak Correct, Jesus was not God. Jesus always gave glory to his Father. "
2021-02-14 18:33:03,greg william,congo is the size of all the countries in western europe put together
2021-02-14 18:33:07,Habib Wazir,q nahi ban saktha agar ham ya clashes khatam karlay..
2021-02-14 18:33:16,Julian D,eating animals is primitive 
2021-02-14 18:33:23,whistleblower gay biological man being feminine,"masculinity always atack 1 thing or the other thing , is not a surprise that god idea and masculinity even today create badness continuously"
2021-02-14 18:33:27,Filmi Raaj,habib india to ban sakta hai par Pakistan territories hai isliye vo aapko pata hoga
2021-02-14 18:33:27,Julian D,and dirty 
2021-02-14 18:33:29,Sigment,why you avoiding this question. you are ashamed of your lack of knowledge or what?
2021-02-14 18:33:35,Sigment,temm me emad zak
2021-02-14 18:33:44,emad zak,AS A PROPHET LIKE THOSE WHO PASSED HIM YES @HORROR
2021-02-14 18:33:46,Zebra Time,and delicious
2021-02-14 18:34:09,Sigment,Julian D. animals eat animals. why care about dirty animals so much?
2021-02-14 18:34:12,Julian D,and disgusting 
2021-02-14 18:34:13,MrPleiadian,teling me what to do is also pripitive !!!!!!
2021-02-14 18:34:15,emad zak,VALENTINE!!!!
2021-02-14 18:34:27,carbikenetwork,my god is the only true god - god of universe - father of all gods 
2021-02-14 18:34:42,Sigment,what emad zak
2021-02-14 18:34:55,MrPleiadian,HAHAHAHAHAH FATHER OF ALL GOD ; IDIOOT
2021-02-14 18:35:00,Vikram Arora,hi
2021-02-14 18:35:06,carbikenetwork,"our religion is the only true religion - and the others are (satan) and far, far away in the darknes "
2021-02-14 18:35:07,whistleblower gay biological man being feminine,carbikenetwork god idea is a lie
2021-02-14 18:35:11,Habib Wazir,duno ban saktha ha.. agar ek dusara hath barhai. ya koi eysa mokhlas bech ma agai jo . faisla sahi ka hamel hu
2021-02-14 18:35:11,duncan yourmate,"religion , please , you keep yours i respect , "
2021-02-14 18:35:22,emad zak,I LOVE THE BEEF AND U SHOWER IN ITS DUNG THATS THE DIFFERENCE @Sigment 
2021-02-14 18:35:35,Sigment,give me verse from your scripture where there is mention of 'return'?
2021-02-14 18:35:42,carbikenetwork,my father is stronger than your father 
2021-02-14 18:35:46,BuTtoN eYeS,"I'll eat the neighbors pitt bull if I'm starving to deathğŸ‘€..!!..but in the meantime, don't eat animalsğŸ‘€..!!"
2021-02-14 18:35:51,delritmo la clave,DICTATOR'ship's !!!!
2021-02-14 18:36:01,Dennis,so whats with this myanmar bs i keep hearing about. why not just call it burma?
2021-02-14 18:36:03,Sigment,i never showered in any dung. note it in diary.
2021-02-14 18:36:03,Sigment,you are just angry
2021-02-14 18:36:10,Sigment,since you have no answer.
2021-02-14 18:36:19,delritmo la clave,pheodale DICTATOR'ship's
2021-02-14 18:36:20,emad zak,NO AM NOT VALENTINE
2021-02-14 18:36:22,greg william,"kings in middle east back then had good relationship with Africa,,,,like UK and USA good relationship,,,nowadays,,,Bahrain only knows Tunisia and Egypt"
2021-02-14 18:36:24,sldtva _93,i slept a whole day hungover
2021-02-14 18:36:39,carbikenetwork,my mother can co ok better than your mother
2021-02-14 18:36:39,Sigment,yes you r clearly
2021-02-14 18:36:42,Habib Wazir,hum human being ha. ya important ha.. ya important nahi ha. ka kon kon ha
2021-02-14 18:36:46,Horror Slash Comedy Show," emad zak You are nearly right. He was born of our creator, he had no human father. He only 23 DNA strands from his mother. the other 23 was missing. Son of God"
2021-02-14 18:36:52,Sigment,you won't be talking trash but giving answer instead
2021-02-14 18:36:56,Sigment,otherwise
2021-02-14 18:37:02,whistleblower gay biological man being feminine,hug broly
2021-02-14 18:37:03,delritmo la clave,religion is always the excuse the opium of DICTATOR'ship's
2021-02-14 18:37:11,Sigment,you are angry...since you have no clear cut answer...but an assumption
2021-02-14 18:37:14,carbikenetwork,my sister is beautifuler than your sister
2021-02-14 18:37:31,Ack Jass,my father cooks better than my mother 
2021-02-14 18:37:32,Jay 2Z, lol
2021-02-14 18:37:40,duncan yourmate,"when you dead your dead , full stop "
2021-02-14 18:37:40,carbikenetwork,my brother have more muscle than your brother
2021-02-14 18:37:46,Julian D,exactly my point... what separates us from wild animals @Sigment 
2021-02-14 18:37:46,emad zak,LOL;
2021-02-14 18:37:57,sldtva _93,i should go back to sleep
2021-02-14 18:38:01,duncan yourmate,"please no religion , find common ground "
2021-02-14 18:38:07,carbikenetwork,our clan have more member than your group
2021-02-14 18:38:07,i am F stop,:buffering:iam fack stop:buffering:
2021-02-14 18:38:12,Arjumand Recipes,helo world
2021-02-14 18:38:15,Arjumand Recipes,how r u all
2021-02-14 18:38:16,Arjumand Recipes,ğŸ™‚
2021-02-14 18:38:22,inas,horror dna weren't still discovered at the time how do you know?
2021-02-14 18:38:27,emad zak,U CANT BE PROUD OF WAT U BELIEVE SO WHY U SO INTRESTED ?
2021-02-14 18:38:33,Habib Wazir,not well
2021-02-14 18:38:36,Sigment,its the obvious difference
2021-02-14 18:38:38,carbikenetwork,we love people - and we don't tolerate dissidents and unbeliever
2021-02-14 18:38:49,Julian D,we don't need to eat animals anymore. we've evolved 
2021-02-14 18:38:53,greg william,demoncratic restupid government
2021-02-14 18:38:59,emad zak,UR FOKED LOL
2021-02-14 18:39:00,Cryptameriaâ€¢,"I am well @Arjumand Recipes, hope you are having a good day"
2021-02-14 18:39:09,delritmo la clave,"w'ere are the jews , the LGBTQ , the leftist's...the socialist !??? the intellectuals....all in prison ???? lololol !!!! totalitarisme ??????"
2021-02-14 18:39:10,carbikenetwork,we send our militÃ¤ry to your country and we destroy it
2021-02-14 18:39:12,Sigment,#Julian D . Who say.
2021-02-14 18:39:15,delritmo la clave,lol !
2021-02-14 18:39:16,emad zak,I BELIEVE ;
2021-02-14 18:39:16,Julian D,you're primitive 
2021-02-14 18:39:19,i am F stop,massons nağŸ«:buffering:ğŸ‡·ğŸ‡ºiam fak:buffering:
2021-02-14 18:39:25,Julian D,and dumb
2021-02-14 18:39:39,greg william,remember the King of Babylon need Gods prophet Daniel to understand .... what his people needed
2021-02-14 18:39:48,emad zak,WAT DO U BELIEVE ! ITS A SECRET IS THAT INTELLEGBT TO SAY IF U CANT DEFEND WAT U BELIEVE INSTAED 
2021-02-14 18:39:50,carbikenetwork,after that your people speak our language and move in to our country
2021-02-14 18:39:59,i am F stop,massons na ğŸ«islam
2021-02-14 18:40:06,delritmo la clave,REPTILIEN brain's ....pheodalism
2021-02-14 18:40:06,Alberto Bernal,JESUS CHRIST CRUCIFIED HIMSELF TALKING ABOUT HIS FLESH.....
2021-02-14 18:40:07,emad zak,WHY ARE SO INTERSTED FOOL!
2021-02-14 18:40:08,Sigment,i m no tprimitive anymore
2021-02-14 18:40:28,carbikenetwork,"1. Corinthians 13:4 apostle paul said - ''love is patient, love is kind - It does not envy, it does not boast, it is not proud'' "
2021-02-14 18:40:46,i am F stop,bebli:buffering::learning:iam fack:learning:
2021-02-14 18:40:52,emad zak,I ALREADY GAVE U THE VERSE READ BACK BACK TO ME U READ IT TELL ME WHERE U CANT SEE
2021-02-14 18:40:53,Rajesh Upadhyay,its sad to hear about HOSPITALIZATION OF PANKAJ UDHAS IN KIDNEY FAILURE
2021-02-14 18:40:59,delritmo la clave,it's not about religions but 'POWER and money !!! Ã©goÃ¯sme at it's must !!!!
2021-02-14 18:41:11,duncan yourmate,"please no religion , divides worse than TRUMP "
2021-02-14 18:41:35,Rajesh Upadhyay,:thanksdoc:hope both kidneys of PANKAJ UDHAS are transplanted well at AIIIMS
2021-02-14 18:41:45,sldtva _93,my cigarette made me super dozzy
2021-02-14 18:41:49,greg william,"Arab countries are springing but Turning their back on the U.S. at the same time...Only looking to the U.S. for Weapons sales,, nothing else,, Maybe a loan"
2021-02-14 18:41:52,sldtva _93,dizzy
2021-02-14 18:42:06,delritmo la clave,corrupt prime minister !! nothing will change !!! hahahaha hahahaha hahahaha... DICTATOR'ship's bank account's !!!!!
2021-02-14 18:42:09,inas,he said that Jesus has only 23 chromosomes
2021-02-14 18:42:10,sldtva _93,i wanna die
2021-02-14 18:42:15,Arun Arun,:thanksdoc::thanksdoc::thanksdoc::thanksdoc::thanksdoc:help me God s family in India ğŸ‘ğŸ™ğŸ™ğŸ™ğŸ™ğŸ™ğŸ™ğŸ™. by 9
2021-02-14 18:42:16,Sigment,emad zak. it deosnt mention of 'return'...u must agree
2021-02-14 18:42:19,sldtva _93,jk
2021-02-14 18:42:24,Rajesh Upadhyay,:thanksdoc:Without KIDNEYS LIFE is difficult.......
2021-02-14 18:42:27,emad zak,HOW?
2021-02-14 18:42:30,Sigment,be a proud person by admit it
2021-02-14 18:42:33,duncan yourmate,RELIGION IS ALL THINGS TO ALL PPL WHO CARES 
2021-02-14 18:42:38,inas,i just cant imagine how he know that? ğŸ˜†
2021-02-14 18:42:38,emad zak,WAT DOES IT SPEAK OF IDIOT?
2021-02-14 18:42:40,Horror Slash Comedy Show,sldtva _93 Marlboro A1. 
2021-02-14 18:42:57,Sigment,where does that verse mention of return...u drew conclusion einstein
2021-02-14 18:43:04,BuTtoN eYeS,You need Alka-SeltzerğŸ‘€..!!
2021-02-14 18:43:05,emad zak,U READ IT RIGHT?
2021-02-14 18:43:08,Alberto Bernal,CHRISTIANITY IS A RELATIONSHIP WITH ALLAH AND ISLAM â˜ª IS A WORK AND FAITH TO THE SALVATION OF ALLAH.... TWO DIFFERENT THINGS.... YOU CHOOSE....
2021-02-14 18:43:14,Rajesh Upadhyay,:thanksdoc:FAMOUS LAWYER OF DIVORCE==== SUSHMA SWARAJ DIED death due to kidney failure
2021-02-14 18:43:36,inas,horror you should give as where you read that Jesus has only 23 DNA ğŸ˜†
2021-02-14 18:43:38,whistleblower gay biological man being feminine,hug broly
2021-02-14 18:43:48,Sigment,emad zak. does that verse states these word-----------> I will return<----------?????
2021-02-14 18:43:50,delritmo la clave,assad pro PUTIN
2021-02-14 18:43:53,Rajesh Upadhyay,ğŸ˜…ğŸ˜…ğŸ˜…ğŸ˜…SUSHMA SWARAJ KIDNEYS FAILED IN ADVANI PRESENCE
2021-02-14 18:43:56,greg william,"they pretend to forgive the U.S. for invading Iraq....they are plotting on U.S.'s fall,,,following Iranian rhetoric,.,Iran stretches to Mali even into South America...if Iran gets to Mexico its troubl"
2021-02-14 18:44:12,inas,reference reference reference so interesting this story of 23 dna
2021-02-14 18:44:14,Habib Wazir,hug broly .. why r u writing it always..say something new
2021-02-14 18:44:24,Horror Slash Comedy Show,"sldtva _93 Disconnect from internet. Play scrabble, music instrument. "
2021-02-14 18:44:25,emad zak,I WIL RETURN LOL
2021-02-14 18:44:37,Rajesh Upadhyay,:thanksdoc::dothefive:old age means kidney failures in politians and lawyers and doctors tooooo
2021-02-14 18:44:44,Sigment,emad zak. is it mentioned?
2021-02-14 18:44:48,Seyfedin Seid,Soriya Soriya.............wh
2021-02-14 18:44:50,whistleblower gay biological man being feminine,"duncan yourmate you said that religions mean everything , and that the issue that i see , bc everything could mean criminal activity , terorism , rape , sexual abuse"
2021-02-14 18:45:03,inas,hey horror do you hear me?
2021-02-14 18:45:04,carbikenetwork,Matthew 7:15-23 - say something about mohammed 
2021-02-14 18:45:09,emad zak,LOL
2021-02-14 18:45:25,Rajesh Upadhyay,i am not a rapeist to any female ever........ok:buffering:
2021-02-14 18:45:29,The Holy Magic Mirror Order,gm infowarriors
2021-02-14 18:45:39,Sigment,ok keep laughing
2021-02-14 18:45:44,emad zak,ITS ALREADY SPEAKING OF EVENTS ON HIS RETURN U BIMBO
2021-02-14 18:45:44,Horror Slash Comedy Show,"inas I think a day of your research, you will find your answer. Look it up. "
2021-02-14 18:45:47,Sigment,you no answer any way
2021-02-14 18:45:55,emad zak,WAT A FO9OL
2021-02-14 18:45:59,emad zak,UR A FOOL
2021-02-14 18:46:09,emad zak,WATS UR BELIEVE OH ITS A SECRET
2021-02-14 18:46:12,Habib Wazir,pls.. Don't mension religion. all the religion present are respected to the people related with his own religion
2021-02-14 18:46:13,emad zak,LOL
2021-02-14 18:46:16,Sigment,noooooooo
2021-02-14 18:46:17,emad zak,LOOL
2021-02-14 18:46:21,greg william,"Trump did see the B.s. Tru mp killed Iranian general because He knew his movement...but Wars are dangerous...why Christ said Turn the other cheek,,,Love your enemies,,,THe Bible or death"
2021-02-14 18:46:26,emad zak,LOST DNA
2021-02-14 18:46:26,inas,horror more simple if you give the reference font you thi k
2021-02-14 18:46:32,emad zak,WASTE MATERIAL
2021-02-14 18:46:38,The Holy Magic Mirror Order,in other words.. don't connect with folks to dicuss isis symmetrical math
2021-02-14 18:46:40,Sigment,u asume its speaking of events after return.
2021-02-14 18:47:04,Habib Wazir,God may get ride all people from covid-19
2021-02-14 18:47:05,Sigment,its not lost dna. u say it can't be otherwise 
2021-02-14 18:47:15,emad zak,IT IS AM NOT STUPID ITS A PROPHECY TO COME 
2021-02-14 18:47:21,whistleblower gay biological man being feminine,isis was created by believers in god
2021-02-14 18:47:21,Kevin Horaley,Be a Tool not a Fool make a difference
2021-02-14 18:47:24,Sigment,you should say it points to return....will you say this
2021-02-14 18:47:26,Rajesh Upadhyay,:yt::thanksdoc:doctors tooo die death due to kidney failure......ok
2021-02-14 18:47:35,inas,so how many dna has had Adam? horror
2021-02-14 18:47:38,BuTtoN eYeS,no one will notice any way so.....ğŸ‘€
2021-02-14 18:47:49,Arun Arun,:thanksdoc::thanksdoc::thanksdoc::thanksdoc::thanksdoc:ğŸ™Help me God s family ğŸ‘ğŸ™
2021-02-14 18:47:50,Horror Slash Comedy Show,inas A long time ago I read this. I found it so can you. 
2021-02-14 18:47:53,emad zak,WHO ARE U?
2021-02-14 18:47:59,inas,cuz no mom and no dad ğŸ˜†
2021-02-14 18:48:01,emad zak,LOL
2021-02-14 18:48:07,carbikenetwork,"Matthew 7:15-23 talk about Mohammed - â€œwatch out for false prophets. They come to you in sheepâ€™s clothing, but inwardly they are ferocious wolves. 16 By their fruit you will recognize them ...''"
2021-02-14 18:48:10,Sigment,i am human dude
2021-02-14 18:48:27,Sigment,you have no answer....you think some verse points to 'return'....
2021-02-14 18:48:33,Sigment,isn't it so?
2021-02-14 18:48:40,The Holy Magic Mirror Order,I'm the slave of the Magic Mirror
2021-02-14 18:48:48,emad zak,I KNOW WAT YOU WILL SAY EVENTUALLY MAYBE THIS OR MAYBE THAT LIKE A DONKEY 
2021-02-14 18:48:51,Rafiq Chaudery,Jesus Tomb in India Kashmir Mahala Khanyar
2021-02-14 18:48:55,Jonzy 87,is africa doing an ethnic cleansing of Ethiopians
2021-02-14 18:48:59,emad zak,LOL
2021-02-14 18:49:02,BuTtoN eYeS,"all of his believers will call him ""fake"" any way so..ğŸ‘€"
2021-02-14 18:49:04,whistleblower gay biological man being feminine,i am not a tool 
2021-02-14 18:49:09,inas,@Horror I will tell you no scientific biologists who have dome respect for himself will say that
2021-02-14 18:49:12,Cryptameriaâ€¢,"Hi Magic, good to see you. "
2021-02-14 18:49:13,Sigment,any way take your time........
2021-02-14 18:49:17,whistleblower gay biological man being feminine,"isis was created by believers in god , so god idea has created bad hateful , criminal behaviour"
2021-02-14 18:49:18,7 7,blessings ğŸ–ğŸ½
2021-02-14 18:49:25,MD salahuddin,Love from Bangladesh
2021-02-14 18:49:34,MD salahuddin,Love from Bangladesh
2021-02-14 18:49:35,The Holy Magic Mirror Order,we don't follow broken mirror clown messiahs.... do we?
2021-02-14 18:49:36,Cryptameriaâ€¢,may all your music be symetrical 
2021-02-14 18:49:36,MD salahuddin,Love from Bangladesh
2021-02-14 18:49:50,MD salahuddin,Love from Bangladesh
2021-02-14 18:50:12,The Holy Magic Mirror Order,thanks Crpt
2021-02-14 18:50:13,Ack Jass,love to Bangladesh 
2021-02-14 18:50:14,Rafiq Chaudery,Love for All hated for None
2021-02-14 18:50:17,Weather Happens,:elbowcough::washhands:ğŸ¥“ğŸ¥“
2021-02-14 18:50:18,sldtva _93,i slept a whole day
2021-02-14 18:50:21,greg william,what if a 10.0 earthquake happens?
2021-02-14 18:50:25,sldtva _93,i feel like total trash
2021-02-14 18:50:31,BuTtoN eYeS,"all of his believers will hang him again as a ""fake"" so....ğŸ‘€"
2021-02-14 18:50:32,MurderMan,hi
2021-02-14 18:50:36,sldtva _93,coffee helps
2021-02-14 18:50:39,whistleblower gay biological man being feminine,"isis was created by believers in god , so god idea has created bad hateful , criminal behaviour"
2021-02-14 18:50:48,sldtva _93,i feel horrible
2021-02-14 18:51:04,Sigment,people who live in cottages will have minimal damage from 10.0 earthquack
2021-02-14 18:51:12,Angel Sarvida,for whatever happens just Pray to GOD..
2021-02-14 18:51:22,Weather Happens,I feel great
2021-02-14 18:51:23,Sigment,better live in cottages made of banana trees
2021-02-14 18:51:23,The Holy Magic Mirror Order,ISIS was vilified to hoard Masonic private school mathematics
2021-02-14 18:51:26,MurderMan,isis was created by USA 
2021-02-14 18:51:34,whistleblower gay biological man being feminine,"sldtva _93 if the body say sleep all day i s fine , the body needed sleep and relaxation"
2021-02-14 18:51:36,The Holy Magic Mirror Order,and therefore music
2021-02-14 18:51:41,Cryptameriaâ€¢,I don't know if my apartment could handle a 10
2021-02-14 18:51:47,greg william,sure it will happen when we least expect it
2021-02-14 18:51:58,duncan yourmate,bb l 
2021-02-14 18:51:59,emad zak,LOL
2021-02-14 18:52:00,emad zak,LOL
2021-02-14 18:52:01,Weather Happens,America was created by ISIS
2021-02-14 18:52:04,greg william,a thief in the night
2021-02-14 18:52:09,whistleblower gay biological man being feminine,automation tech is cute
2021-02-14 18:52:10,Sigment,we had earthquack two days ago. my leggs started shaking
2021-02-14 18:52:18,Alberto Bernal,@SIGMENT IN THE GOSPEL OF MATTHEW IT SPEAKS OF HIS RETURN.....
2021-02-14 18:52:20,Rafiq Chaudery,Messiah has Come
2021-02-14 18:52:22,Sigment,but stood there like a rock
2021-02-14 18:52:25,The Holy Magic Mirror Order,I made all the lies go away.
2021-02-14 18:52:40,Cryptameriaâ€¢,anything under a 6 I don't notice
2021-02-14 18:52:44,MurderMan,america is around for about a couple of hundred years
2021-02-14 18:52:48,Ack Jass,@sldtva _93 the longer i sleep the better i feel . i didn't sleep well at all last night . have uti . feel better now . i think i go back to sleep now during daytime here in usa 
2021-02-14 18:52:53,Cryptameriaâ€¢,like a big truck driving by
2021-02-14 18:53:02,MurderMan,i think may be it was created by satan
2021-02-14 18:53:12,Weather Happens,My Dixie Wrecked
2021-02-14 18:53:16,Alberto Bernal,HES COMING LIKE A THIEF IN THE NIGHT....
2021-02-14 18:53:19,Sigment,#Alberto Bernal . was that gospel written during jesus time on earth or after his departure?
2021-02-14 18:53:23,Rafiq Chaudery,Love for All hated for None
2021-02-14 18:53:45,Kevin Horaley,"blah, blah, blah.. EarthQuake? My girlfriends legs shook last night! :goodvibes:"
2021-02-14 18:53:52,i am F stop,massons na ğŸ«islam
2021-02-14 18:54:04,i am F stop,yesâœï¸ pases
2021-02-14 18:54:06,greg william,"the people in the Bible who worshipped Baal...Baal worship is actually the study of weather and other BS,,,look it up"
2021-02-14 18:54:21,sldtva _93,need breakfast
2021-02-14 18:54:21,whistleblower gay biological man being feminine,"MurderMan if you dont know then dont say that maybe satan did it , that sound like abusive behaviour coming from you , if you dont know then you dont know , accept not knowing"
2021-02-14 18:54:27,Weather Happens,weather happens
2021-02-14 18:54:51,greg william,man made weather patterns
2021-02-14 18:54:59,Seyfedin Seid,Increadabo
2021-02-14 18:55:02,Sigment,#Alberto Bernal . U didn't answer me
2021-02-14 18:55:06,Ack Jass,worship = warship 
2021-02-14 18:55:07,Horror Slash Comedy Show,"inas Don't believe, your choice, Research. Learn something. I would start at the place of the skull, Golgotha, where was crucified, where his blood dripped onto the Ark of the covenant. "
2021-02-14 18:55:10,MurderMan,"@Rafiq Chaudery qadiyani wrote that in winter time he used to go to toilet for at least 70 times to pee,and 270 times over all,and in summer time 100 times to pee and 300 overall,how did he do that ?"
2021-02-14 18:55:12,Rafiq Chaudery,Promised Messiah has Come Hazart M
2021-02-14 18:55:14,sam ham,ÙŠØ§ Ø³Ù„Ø§Ù… Ø§Ù„ØªØ·Ø¨ÙŠØ¹ Ø¹Ù„Ù‰ Ø§Ø­Ù„Ù‰ Ø§Ø´ÙƒØ§Ù„Ù‡ Ø§Ù„ÙÙ„Ø³Ø·ÙŠÙŠÙ†ÙŠÙ† Ø¨ÙŠØ·Ø§Ù„Ø¨ÙˆØ§ Ø§Ø³Ø±Ø§Ø¦ÙŠÙ„ Ø¨ØªØ·Ø¹ÙŠÙ…Ù‡Ù… ØŸğŸ¤ 
2021-02-14 18:55:32,whistleblower gay biological man being feminine,"whorship and war is the same , true"
2021-02-14 18:55:36,greg william,"even the tornadoes are looking artificial, they used to happen more frequently years ago,,,now Im seeing tornadoes in countries you dont usually see "
2021-02-14 18:55:39,Rajesh Upadhyay,:thanksdoc::thanksdoc:CAN SANDHYA PANDEY remain ALIVE ???? FOR 6 MONTHS also now ? kidney failure knocking SANDHYA PANDEY TO DEATH:oops::oops::oops::oops:
2021-02-14 18:55:48,emad zak,CAN U ANSWWER ALBERTO
2021-02-14 18:55:49,Seyfedin Seid,i donit like him
2021-02-14 18:56:46,Seyfedin Seid,Vannishing man
2021-02-14 18:56:47,whistleblower gay biological man being feminine,automation tech is cute
2021-02-14 18:56:59,emad zak,I CAN
2021-02-14 18:57:13,Sigment,give then answer
2021-02-14 18:57:19,greg william,"2024,,,,going to be crazy"
2021-02-14 18:57:19,inas,Horror that mean they have his skull but it s not true so no no ones can say how many dna ! and if you say he is God he could not have any dna lol
2021-02-14 18:57:25,i am F stop,ğŸ§Ÿis badğŸ§Ÿno badğŸ§Ÿis badğŸ§Ÿno badğŸ§Ÿia bad ğŸ§Ÿno badğŸ§Ÿis badğŸ§Ÿno badğŸ§Ÿ
2021-02-14 18:57:35,Sigment,you failed in ur department but any way give answer. emad zak
2021-02-14 18:57:37,emad zak,OK
2021-02-14 18:57:41,MurderMan,@Sigment what religion do you follow ?
2021-02-14 18:57:43,Sigment,ok
2021-02-14 18:57:49,Kevin Horaley,:elbowbump: Outta...
2021-02-14 18:57:49,Sigment,create suspense 
2021-02-14 18:57:53,inas,23 not necessary at all to say he is God @Horror
2021-02-14 18:58:02,i am F stop,âœï¸:socialdist:â˜ªï¸
2021-02-14 18:58:09,Sigment,#MurderMan . Its private
2021-02-14 18:58:22,Rafiq Chaudery,Messiah has Come
2021-02-14 18:58:52,greg william,"greg william wants a State Department job,,,at the US Embassy in Baghdad"
2021-02-14 18:58:52,Jonzy 87,Power to the people not goverments
2021-02-14 18:59:00,Sigment,emad zak. avoid writing a paragraph...just jist of the whole answer...try at least
2021-02-14 18:59:07,Alberto Bernal,â˜ª ğŸ’˜ âœ= FRIENDSHIPS
2021-02-14 18:59:10,emad zak,LOL
2021-02-14 18:59:17,whistleblower gay biological man being feminine,"someone said : god judge someone harshly , and is about death threatning people who refuse to have a belief and who refuse god"
2021-02-14 18:59:19,inas,23 or 46 is exactly the same and no proof at all @Horror
2021-02-14 18:59:24,MurderMan,"@Sigment must be very embarrassing for you to reveal, but it's ok you can tell me lets discuss your faith "
2021-02-14 18:59:25,michael Opoku,hi guys we need accept Jesus christ us our personal saviour
2021-02-14 18:59:45,emad zak,THE CROSS IS SATANIC
2021-02-14 18:59:49,Sigment,murderman. why?
2021-02-14 18:59:55,whistleblower gay biological man being feminine,god is real like any lie told to humanity
2021-02-14 19:00:00,traveling India,:goodvibes:
2021-02-14 19:00:20,Rafiq Chaudery,Hazart Mirza Masroor Ahmad Khalifatul Messiah the V Man of peace in the world
2021-02-14 19:00:26,Rajesh Upadhyay,:thanksdoc:NAWAL OJHA + LALLU YADAV KIDNEY WORKING ONLY 10%
2021-02-14 19:00:31,Jonzy 87,half a moon is satanic
2021-02-14 19:00:42,MurderMan,@Sigment you will know why after we discuss 
2021-02-14 19:00:46,michael Opoku,you need accept Jesus christ
2021-02-14 19:00:47,Fun in Lockdown,.
2021-02-14 19:00:56,Rajesh Upadhyay,:thanksdoc:SONIA GANDHI KIDNEY WORKING 17%
2021-02-14 19:01:01,Sigment,na na. i m not fool
2021-02-14 19:01:02,Joey Smallwood,im just here on AJ chat trying to solve the world's issues. I plan to discuss theology 
2021-02-14 19:01:06,Sigment,its private
2021-02-14 19:01:08,MurderMan,"@Rafiq Chaudery qadiyani wrote that in winter time he used to go to toilet for at least 70 times to pee,and 270 times over all,and in summer time 100 times to pee and 300 overall,how did he do that?"
2021-02-14 19:01:11,BuTtoN eYeS,...omg...ğŸ‘€..!!...whateverğŸ‘€..!!
2021-02-14 19:01:21,Ngamiki,wine tating is old ..D2O tasting is new thing
2021-02-14 19:01:21,Lion 211777,INNOCENT
2021-02-14 19:01:26,Lion 211777,Aha
2021-02-14 19:01:31,inas,@Joey ğŸ˜†
2021-02-14 19:01:36,Filmi Raaj,Today is black day Indian CRPF soldiers we lost our 40 soldiers ğŸ‡®ğŸ‡³ğŸ™ğŸ™ğŸ™ğŸ™
2021-02-14 19:01:39,Rafiq Chaudery,Jesus Tomb in India Kashmir Mahala Khanyar
2021-02-14 19:01:53,The Holy Magic Mirror Order,no more fake teachers
2021-02-14 19:01:53,emad zak,LOL
2021-02-14 19:01:57,Horror Slash Comedy Show,"inas Jesus was crucified where King David slayed Goliath, Goliath the giant he was buried there. The reason it called the place of the skull. "
2021-02-14 19:02:06,Lion 211777,Omg I'm Not Bothering Y'all Don't Start None Won't Be None...
2021-02-14 19:02:11,The Holy Magic Mirror Order,Sol ISIS La in the Magic Mirror
2021-02-14 19:02:16,tap dance,43 trumpers?
2021-02-14 19:02:24,Sigment,emad zak. you didn't give answer...you said you would....but jist only ....avoid paragraphs
2021-02-14 19:02:35,Filmi Raaj,rajesh lalu yadav ğŸ‘ŒğŸ˜‚ğŸ˜‚
2021-02-14 19:02:37,duncan yourmate,same here Lion 
2021-02-14 19:02:37,MurderMan,@Rafiq Chaudery can you imagine the body condition someone would be in if he had to pee 200 times a day ?
2021-02-14 19:02:40,inas,@Joey i have a horrible headache otherwise I 'll be glad to contribute in solving the wotld s issues with you
2021-02-14 19:02:48,traveling India,:yougotthis:
2021-02-14 19:02:57,Lion 211777,FishğŸ’˜
2021-02-14 19:03:08,inas,@Horror no skull of jedus
2021-02-14 19:03:14,Cryptameriaâ€¢,The States is so screwed
2021-02-14 19:03:20,tap dance,who we r?
2021-02-14 19:03:29,Alberto Bernal,@EMAD ZAK THE UPSIDE DOWN CROSS IS SATANIC.... GET IT RITE BRO...
2021-02-14 19:03:30,inas,@Horror no skull of jedus I the Vatican ğŸ˜†
2021-02-14 19:03:35,Sigment,human
2021-02-14 19:03:38,Albert Johnston,"Hey, great. A trial with no witnesses is a farce. Definitely not democracy. "
2021-02-14 19:03:42,Sanjay Barman,trump is great
2021-02-14 19:03:48,Filmi Raaj,i am from India Rajasthan lake city
2021-02-14 19:03:59,duncan yourmate,problems to be solved 
2021-02-14 19:04:29,Amit Raj Dev,England Vs India
2021-02-14 19:04:35,duncan yourmate,1st amendment gets him off 
2021-02-14 19:04:55,Filmi Raaj,Today match india will win
2021-02-14 19:04:55,Dom Shelley,impeach Biden
2021-02-14 19:04:58,inas,@Horror pope should not hide such information from the wotld if pope have Jesus skull he would be glad to share the information ğŸ˜†
2021-02-14 19:05:02,greg william,moment of silence for the retired Air Force (female) cadet who was shot in the Capitol building....Witchhunt? Or Christian hunt? she maybe wanted to be Rasta
2021-02-14 19:05:05,Filmi Raaj,Today match india will win
2021-02-14 19:05:40,Horror Slash Comedy Show,inas I don't mix with swine. bye. 
2021-02-14 19:06:00,duncan yourmate,cricket baseball on valium 
2021-02-14 19:06:15,Dom Shelley,"then Pelosi runs away, whose the coward"
2021-02-14 19:06:19,BuTtoN eYeS,America's reality show continuesğŸ‘€..!!
2021-02-14 19:06:24,MurderMan,@Rafiq Chaudery Mirza Ghulam Qadiyani died on his shyt he was obsessed with shyt
2021-02-14 19:06:25,whistleblower gay biological man being feminine,in congo anti bullyng law must be signed\
2021-02-14 19:06:30,Vutral,impeach biden
2021-02-14 19:06:49,Albert Johnston,Now that the sham trial is over I definitely want Trump to run again. If we really want a dictator then it will be on the hands of the voters. 
2021-02-14 19:06:51,Alberto Bernal,WE MIGHT BE ALIVE IN THE SPIRIT BUT WE MIGHT BE ASLEEP OR AWAKE IN THE SPIRIT....
2021-02-14 19:06:59,Ack Jass,impeach everything 
2021-02-14 19:07:00,Filmi Raaj,Truh
2021-02-14 19:07:03,Dom Shelley,impeach Pelosi
2021-02-14 19:07:05,inas,@ Horror ok bye â˜º
2021-02-14 19:07:11,BuTtoN eYeS,"""That's Entertainment""...ğŸ‘€..!!"
2021-02-14 19:07:20,duncan yourmate,"unfortunatley , government is not , reality tv "
2021-02-14 19:07:26,Fazal Ahmad,Political victimisation 
2021-02-14 19:07:48,Dom Shelley,"Trump 2024,,, Independent"
2021-02-14 19:07:52,whistleblower gay biological man being feminine,"BuTtoN eYeS no , is not entertainment , is bad criminal behaviour"
2021-02-14 19:07:54,greg william,"non profits organizations giving relief to (people in) nations like Congo, coming soon....Non-profit named CUTC====Clean Up The Country coming soon...founded by greg william"
2021-02-14 19:07:59,Ack Jass,this doesn't leave trump off the hook . by 2022 he'll be in prison 
2021-02-14 19:08:06,Alberto Bernal,I WOULD RATHER BE AWAKE IN SPIRIT IN CHRIST JESUS....
2021-02-14 19:08:19,Cryptameriaâ€¢,Trump 2024=sanctions for being a terrorist nation
2021-02-14 19:08:25,Lion 211777,They Work For The Government And Police .... Can't Tell Those Sale Outs That It's Reality To Them It's All They Know..
2021-02-14 19:08:32,BuTtoN eYeS,There you goğŸ‘€..!!..your Trump Jesus has risen from the deadğŸ‘€..!!
2021-02-14 19:08:33,duncan yourmate,"split the consevatives , stay outta power decades "
2021-02-14 19:08:38,Cryptameriaâ€¢,the world doesn't think America is cool anymore
2021-02-14 19:08:45,Horror Slash Comedy Show,"inas You need to go back and read closely what i said. What your answer was is a lie, i didn't say that. Go back read closely. "
2021-02-14 19:08:48,Cryptameriaâ€¢,you pretty much are a joke
2021-02-14 19:09:01,Dom Shelley,Independent Trump 2024
2021-02-14 19:09:27,Ack Jass,"@duncan yourmate true , it will be a good thing "
2021-02-14 19:09:30,emad zak,SOME BALOONS
2021-02-14 19:09:36,duncan yourmate,cryogenic trump 2024 
2021-02-14 19:09:49,Alberto Bernal,DEATH MEANS THE END OF THE EXISTENCE OF FLESH... BUT YOUR SPIRIT LIVES ON... AND TGATS WHERE WE BEE
2021-02-14 19:09:50,greg william,poverty breeds violence
2021-02-14 19:09:58,Cryptameriaâ€¢,Trump won't make it to 2024. 
2021-02-14 19:10:00,Alberto Bernal,we need jesus Christ
2021-02-14 19:10:25,duncan yourmate,"alberto you do , "
2021-02-14 19:10:26,Zaheer Mian,Tinnu Anand is Mujahid who only capable for J&K
2021-02-14 19:10:33,Sigment,#Alberto Bernal . You already had once.
2021-02-14 19:10:45,Alberto Bernal,WE ALL NEED JESUS CHRIST....
2021-02-14 19:10:51,tap dance,these burmese military generals should be tried in ICC for rohinga massacre
2021-02-14 19:10:58,greg william,something Shaky is going on behind the scenes...in the Rep. Party.....
2021-02-14 19:11:21,duncan yourmate,alberto he's terrible with being on time 
2021-02-14 19:11:37,inas,you right @Horror but before you said that the know from the skull and it s legitimate to think that it s the skull of jedus not the dkull of goliath and I font see why you mixing the 2 stories?
2021-02-14 19:11:40,Zaheer Mian,Mujahideens of Pakistan are hero in world
2021-02-14 19:11:40,duncan yourmate,greg i agree 
2021-02-14 19:11:45,Habib Khan,Bangladesh ar 2 part caming date....plz
2021-02-14 19:11:45,Alberto Bernal,@SIGMENT WHAT DO YOU MEAN???
2021-02-14 19:11:56,Rafiq Chaudery,it was prophesy that promissed messiah will be wraped in 2 yellow sheets which means that he will suffer with 2 deasese that prophesy was fullfilled and shows his truthfullness that he is from God
2021-02-14 19:12:11,Alberto Bernal,@DUNCAN YOURMATE WHAT DO YOU MEAN???
2021-02-14 19:12:13,tap dance,"Alberto, he is currently trapped in Gaza right now."
2021-02-14 19:12:29,Sigment,#Alberto Bernal . As you he did come in time. You refused
2021-02-14 19:12:32,inas,besides I font think that even they can found goliath skull @Horror don't be do innocent
2021-02-14 19:12:36,whistleblower gay biological man being feminine,"Rafiq Chaudery god idea is scam , that book is a lie "
2021-02-14 19:12:39,Sigment,As you know 
2021-02-14 19:12:42,MurderMan,"@Rafiq Chaudery qadiyani wrote that in winter time he used to go to toilet for at least 70 times to pee,and 270 times over all,and in summer time 100 times to pee and 300 overall,how did he do that?"
2021-02-14 19:12:57,sasinofus,lots of bad news-agencies only focus their newstelling only the result of the vote senate and not enough on what has been said afterwards by the senate members
2021-02-14 19:12:58,duncan yourmate,"2000 yrs late , please keep your god to you , "
2021-02-14 19:13:01,Zaheer Mian,Ajmal Qasab and Tinnu Anand challege to get Kashmir
2021-02-14 19:13:02,Alberto Bernal,JESUS THE MESSIAH IS ALWAYS ON TIME....
2021-02-14 19:13:13,Dom Shelley,"Ebola is normal there,, why pandemic now"
2021-02-14 19:13:23,MurderMan,truth does not h an expiration date 
2021-02-14 19:13:25,Sigment,Why trouble him again and again? Didn't he say all to you.
2021-02-14 19:13:30,Ack Jass,"@greg william true . and its because of wealth disparity, most of nations worth controlled by 1% . must make laws to make them pay good wages and more taxes. then poor whatever color be peaceful "
2021-02-14 19:13:32,MurderMan,does not hv*
2021-02-14 19:13:47,carbikenetwork,i like people - as long as they agree with me
2021-02-14 19:13:48,Zaheer Mian,Ajmal Qasab and Tinna Anand arw challenge to get Jammu and Kashmir
2021-02-14 19:13:51,Rafiq Chaudery,Messiah has Come
2021-02-14 19:13:54,Sigment,Do you love people or turn other cheek?
2021-02-14 19:14:03,greg william,is that why those people did that to the Capitol?
2021-02-14 19:14:09,carbikenetwork,god will punish you if you disagree with me
2021-02-14 19:14:14,Sigment,If no...then 2nd arrival will do no magic
2021-02-14 19:14:28,sldtva _93,....lol
2021-02-14 19:14:32,sldtva _93,wooowww
2021-02-14 19:14:45,carbikenetwork,i know what i'm doing - god stand behind me
2021-02-14 19:14:47,greg william,they should had Stormed the Russian Embassy
2021-02-14 19:14:48,Sigment,you will arrest under some human rights law
2021-02-14 19:14:49,MurderMan,God is not something to play with
2021-02-14 19:14:52,Sigment,its possible
2021-02-14 19:14:56,Zaheer Mian,Ajmal Qasab and Tinnu Anand are challenge to get Jammu and Kashmir
2021-02-14 19:14:56,soumik patra à¦¹à§ƒà¦¦à¦¯à¦¼,ola hu Uber
2021-02-14 19:14:58,Rafiq Chaudery,Messiah has Come
2021-02-14 19:15:03,carbikenetwork, if you believe what I say - you'll be in paradise
2021-02-14 19:15:18,BuTtoN eYeS,paying attention helps a little sometimes gregğŸ‘€..!!
2021-02-14 19:15:24,Rafiq Chaudery,Love for All hated for None
2021-02-14 19:15:30,Jonzy 87,Allha u uber lol
2021-02-14 19:15:41,sldtva _93,what if they do storm the Russian embassy
2021-02-14 19:15:46,Jonzy 87,or mu ham hard
2021-02-14 19:15:47,Ack Jass,"@carbikenetwork lol . true story, long time ago saw an ad where guy would pay 20 dollars an hour to anyone who would keep agreeing with him when they met "
2021-02-14 19:15:54,sldtva _93,that would not be very surprising
2021-02-14 19:16:02,carbikenetwork,"I have the word of God, and you must obey me and make donations to my bank account - then you will be in paradise"
2021-02-14 19:16:16,greg william,"learned about lights,,,these lights be messing with our health"
2021-02-14 19:16:24,whistleblower gay biological man being feminine,corrupt senators
2021-02-14 19:16:26,Zaheer Mian,Sar zameen e Pakistan.Long live Tinnu Anand
2021-02-14 19:16:27,Rafiq Chaudery,Hazart Mirza Masroor Ahmad Khalifatul Messiah the V Man of peace in the world
2021-02-14 19:16:32,abcfriday,Buy BTC
2021-02-14 19:16:32,sldtva _93,its just very pointless cuz there is probably nothing particularly useful there exactly for that reason
2021-02-14 19:16:44,carbikenetwork,if you obey me - and make huge donations to my bank account - you will be sooner in paradise of joy
2021-02-14 19:16:51,duncan yourmate,"tithe tax free , abuse children at whim "
2021-02-14 19:17:09,BuTtoN eYeS,ğŸ¤£...holy s**t...ğŸ‘€..!!
2021-02-14 19:17:14,whistleblower gay biological man being feminine,congo need anti bullyng law
2021-02-14 19:17:20,Ack Jass,carbikenetwork lol 
2021-02-14 19:17:28,carbikenetwork,as soon as the coin in the coffer rings - the gates of paradise open and the 72 virgins are yours
2021-02-14 19:17:38,Sufaid shah,"hi,,"
2021-02-14 19:17:41,Rafiq Chaudery,Hazart Mirza Masroor Ahmad Khalifatul Messiah the V Man of peace in the world
2021-02-14 19:17:47,Lion 211777,History And Destiny Right Now... There Is No Escaping It... YOU HEARD THE MAN... NOW STOP IT ğŸ¤£
2021-02-14 19:17:59,BuTtoN eYeS,"""lights"".....ğŸ‘€..!!....ğŸ¤£"
2021-02-14 19:17:59,carbikenetwork,donate now 
2021-02-14 19:18:01,Cryptameriaâ€¢,I don't agree with tithe. After the Swaggarts it is disgusting begging. they are awful. 
2021-02-14 19:18:02,Amartya Buragohain,stupid
2021-02-14 19:18:09,duncan yourmate,"72 virgins , for lousy lovemaker "
2021-02-14 19:18:10,whistleblower gay biological man being feminine,congo to add anti bullyng law 
2021-02-14 19:18:11,abcfriday,"Buy Bitcoin now, free yourself for everrr"
2021-02-14 19:18:15,Amartya Buragohain,ya
2021-02-14 19:18:18,Rafiq Chaudery,Messiah has Come
2021-02-14 19:18:33,Kerim Kaplan,ğŸ‡¬ğŸ‡§ğŸ‡ºğŸ‡¸ğŸ‡ªğŸ‡ºâŒâŒâŒ
2021-02-14 19:18:35,Ack Jass,@carbikenetwork no deal . only deal if i get 87 virgins 
2021-02-14 19:18:38,duncan yourmate,on who
2021-02-14 19:18:40,Rafiq Chaudery,Love for All hated for None
2021-02-14 19:18:43,Cryptameriaâ€¢,If you have a relationship with Jesus why give them money
2021-02-14 19:18:45,whistleblower gay biological man being feminine,masculinity ugliness and god idea create atacks on the planet as always it does
2021-02-14 19:19:03,MurderMan,nowhere in qur'an said 72 or the word virgin 
2021-02-14 19:19:03,Jonzy 87,ğŸ‡¬ğŸ‡§ğŸ‡¬ğŸ‡§ğŸ‡¬ğŸ‡§ğŸ‡¬ğŸ‡§ğŸ˜‚
2021-02-14 19:19:05,carbikenetwork,you get 18 + 88 
2021-02-14 19:19:18,Rafiq Chaudery,Hazart Mirza Masroor Ahmad Khalifatul Messiah the V Man of peace in the world
2021-02-14 19:19:22,Jonzy 87,do you still hhav Jeruselem?
2021-02-14 19:19:28,Jonzy 87,islam
2021-02-14 19:19:30,MurderMan,even tho i wish to get them in paradise 
2021-02-14 19:19:52,Rafiq Chaudery,Messiah has Come
2021-02-14 19:20:09,carbikenetwork,i slam - if you don't belive me 
2021-02-14 19:20:09,duncan yourmate,"blow them up , fixed , "
2021-02-14 19:20:12,abcfriday,"Kosovo needs bitcoin and thats it, all problems solved"
2021-02-14 19:20:16,MurderMan,"i am not messiah, stop lying"
2021-02-14 19:20:17,whistleblower gay biological man being feminine,kosovo need to add anti bullyng law as well
2021-02-14 19:20:53,Conteh Abu Bakarr,abk
2021-02-14 19:20:58,Lion 211777,I'ma Keep Making Half A Billion A Week Under The Lie I'm Looking For My Twin ğŸ˜‚
2021-02-14 19:21:07,Sigment,#carbikenetwork . its not true...however people who were taught to turn other cheek slam them hard...recent two decades
2021-02-14 19:21:14,Rafiq Chaudery,Love for All hated for None
2021-02-14 19:21:26,Sigment,facts are facts
2021-02-14 19:21:33,TRUST TV. KASBA. B.BARIA.,r
2021-02-14 19:21:40,Rafiq Chaudery,Messiah has Come
2021-02-14 19:21:43,The Holy Magic Mirror Order,knowledge of why the infinity logo is~is
2021-02-14 19:21:48,MurderMan,@Rafiq Chaudery why do you love satan ?
2021-02-14 19:21:50,Sigment,and they slam and then steal also
2021-02-14 19:21:57,Ack Jass,"@carbikenetwork cmon man, you been living under aw rock last 60 yrs ? How you gonna get me 88 18 yr olds who are stil virgins in this day and age ????"
2021-02-14 19:21:57,MurderMan,"@Rafiq Chaudery qadiyani wrote that in winter time he used to go to toilet for at least 70 times to pee,and 270 times over all,and in summer time 100 times to pee and 300 overall,how did he do that?"
2021-02-14 19:22:18,duncan yourmate,lol
2021-02-14 19:22:26,Rafiq Chaudery,Messiah has Come
2021-02-14 19:22:32,Lion 211777,Bye
2021-02-14 19:22:39,rajat singh,anyone need kidney
2021-02-14 19:22:49,carbikenetwork,18 means ... 
2021-02-14 19:22:52,rajat singh,i am selling it
2021-02-14 19:22:52,The Holy Magic Mirror Order,if it's not forever... why do you need to know it?
2021-02-14 19:22:59,whistleblower gay biological man being feminine,masculinity ugliness and god idea create atacks on the planet as always it does
2021-02-14 19:23:03,duncan yourmate,lion adious 
2021-02-14 19:23:05,carbikenetwork,and 88 means 
2021-02-14 19:23:06,Rafiq Chaudery,Love for All hated for None
2021-02-14 19:23:13,carbikenetwork,google 
2021-02-14 19:23:22,Sigment,#rajat singh . for free?
2021-02-14 19:23:25,The Holy Magic Mirror Order,tone
2021-02-14 19:23:33,Jonzy 87,jesus is king ans the jews own Jerusalem lmao
2021-02-14 19:23:37,rajat singh,anyone need kidney i am selling it
2021-02-14 19:23:38,Filmi Raaj,Pakistani 2 territories arrested in jammu Kashmir
2021-02-14 19:23:43,duncan yourmate,88 = 60's buick 
2021-02-14 19:23:43,Rafiq Chaudery,Messiah has Come
2021-02-14 19:23:49,Sigment,ok
2021-02-14 19:23:50,bea nice,how much does a kidney bring these days?
2021-02-14 19:23:52,abcfriday,There is a country called Bahraini???
2021-02-14 19:23:57,whistleblower gay biological man being feminine,masculinity ugliness and god idea create atacks on the planet as always it does
2021-02-14 19:24:02,rajat singh,no sigem i will charge for it
2021-02-14 19:24:13,Rafiq Chaudery,Hazart Mirza Masroor Ahmad Khalifatul Messiah the V Man of peace in the world
2021-02-14 19:24:16,Sara Bungolia,Bahrain. 
2021-02-14 19:24:24,Sigment,ok rajat singh.
2021-02-14 19:24:41,carbikenetwork,google 18 - 88 
2021-02-14 19:24:44,rajat singh,do you need sigment
2021-02-14 19:24:48,duncan yourmate,"rajat hold onto kidney , "
2021-02-14 19:24:53,Sigment,no
2021-02-14 19:24:58,Mike Benedetto,Cops are cancer
2021-02-14 19:25:02,Sigment,just was asking
2021-02-14 19:25:05,emad zak,BOATS'
2021-02-14 19:25:10,Filmi Raaj,Pakistani its common ğŸ™„ for surgical strike ğŸ‘ŒğŸ˜ğŸ˜
2021-02-14 19:25:17,Ack Jass,"lol, just kidding about under age virgins . but you have to admit finding a legal 18+ virgin is about as likely as finding a needle in a haystack these days "
2021-02-14 19:25:20,Rafiq Chaudery,Hazart Mirza Masroor Ahmad Khalifatul Messiah the V Man of peace in the world
2021-02-14 19:25:29,rajat singh,i am in much trouble any one need than contact me
2021-02-14 19:25:29,Cryptameriaâ€¢,you are cancer Mike. say that when your car gets stolen
2021-02-14 19:25:34,ADOLF PORKY-SHENKO,Russia ğŸ’ª power and strentgh 
2021-02-14 19:25:42,Sara Bungolia,the the adult female doesnt look malnourished 
2021-02-14 19:25:45,Earth Turning,How bout giving food for her? No she has to go to hospital
2021-02-14 19:25:53,Mike Benedetto,issuance 
2021-02-14 19:25:59,Zaheer Mian,We are in England
2021-02-14 19:26:00,BetÃ¼l Atar,I am 19 and I am virgin
2021-02-14 19:26:02,Filmi Raaj,India ğŸ’ªğŸ‘Œ
2021-02-14 19:26:02,duncan yourmate,"who whats a virgin , "
2021-02-14 19:26:03,Mike Benedetto,insurance 
2021-02-14 19:26:03,rajat singh,yourmate do you need
2021-02-14 19:26:13,Mike Benedetto,lmaso
2021-02-14 19:26:20,BuTtoN eYeS,Thanks for all the help Bezos.......ğŸ‘€..!!
2021-02-14 19:26:20,whistleblower gay biological man being feminine,imasculinity ugliness and god idea create atacks on the planet as always it does
2021-02-14 19:26:22,Chris Prasojo,hmm
2021-02-14 19:26:22,duncan yourmate,no
2021-02-14 19:26:23,bea nice,what kind of trouble leads someone to sell their organs on the blc
2021-02-14 19:26:34,Chris Prasojo,but why?
2021-02-14 19:26:38,Filmi Raaj,nadia khan?ğŸ˜ğŸ˜
2021-02-14 19:26:38,Mike Benedetto,INSURANCE 
2021-02-14 19:26:52,Ack Jass,hello limeys . hows everything across the pond ?!
2021-02-14 19:26:56,BuTtoN eYeS,Thanks for all the help Elon...ğŸ‘€..!!
2021-02-14 19:27:01,Rafiq Chaudery,Messiah has Come
2021-02-14 19:27:02,rajat singh,any one need kidney i am selling it
2021-02-14 19:27:20,duncan yourmate,i'm down under 
2021-02-14 19:27:22,Sigment,#emad zak . give me verse from your scripture where there is mention of 'return'? take you time.
2021-02-14 19:27:22,Cryptameriaâ€¢,"depends, is it a tasty one"
2021-02-14 19:27:27,Rafiq Chaudery,Love for All hated for None
2021-02-14 19:27:30,Jonzy 87,so gloabal effort to help or that gana be christian countrys deal with poverty
2021-02-14 19:27:40,whistleblower gay biological man being feminine,masculinity ugliness and god idea create atacks on the planet as always it does
2021-02-14 19:27:43,duncan yourmate,"rajat keep it , savings "
2021-02-14 19:27:45,Mike Benedetto,Please pigs leave chat
2021-02-14 19:27:46,Filmi Raaj,rajat singh where are you from
2021-02-14 19:27:49,mahmud rahman,"coup, sabotage, killing, murder, demon-cracy, autumn-cracy, crazy"
2021-02-14 19:27:52,Rafiq Chaudery,Messiah has Come
